"Query","Brand","Service","Location","Intent","Price Sensitivity","Client Type","Urgency","Information Seeking","Person","Topic","Modifier","Credentials","Business Type","Promotions","Equipment","Related Service","Job Search","Quality","Product"
"precision cutting services","Precision Cutting Services","Cutting Services","","Navigational","","","","","","","","","","","","","","",""
"precision tree service","Precision Tree Service","Tree Service","","Navigational","","","","","","","","","","","","","","",""
"tree removal","","Tree Removal","","Transactional","","","","","","","","","","","","","","",""
"tree cutting services near me","","Tree Cutting Services","Near Me","Transactional","","","","","","","","","","","","","","",""
"tree removal near me","","Tree Removal","Near Me","Transactional","","","","","","","","","","","","","","",""
"precision cutting","Precision Cutting","","","Navigational","","","","","","","","","","","","","","",""
"tree cutting service","","Tree Cutting Service","","Transactional","","","","","","","","","","","","","","",""
"precision tree","Precision Tree","","","Navigational","","","","","","","","","","","","","","",""
"precision tree removal","Precision Tree Removal","Tree Removal","","Navigational","","","","","","","","","","","","","","",""
"tree removal service","","Tree Removal","","Transactional","","","","","","","","","","","","","","",""
"precision cut tree service","Precision Cut Tree Service","Tree Service","","Navigational","","","","","","","","","","","","","","",""
"tree removal hamden ct","","Tree Removal","Hamden CT","Transactional","","","","","","","","","","","","","","",""
"tree removal wallingford ct","","Tree Removal","Wallingford CT","Transactional","","","","","","","","","","","","","","",""
"tree removal milford ct","","Tree Removal","Milford CT","Transactional","","","","","","","","","","","","","","",""
"tree trimming near me","","Tree Trimming","Near Me","Transactional","","","","","","","","","","","","","","",""
"precision cutting services of new haven","Precision Cutting Services of New Haven","","New Haven","Navigational","","","","","","","","","","","","","","",""
"tree service new haven ct","","Tree Service","New Haven CT","Transactional","","","","","","","","","","","","","","",""
"most common trees in connecticut","","","Connecticut","Informational","","","","","","Most Common Trees","","","","","","","",""
"precision cutting service","Precision Cutting Service","","","Navigational","","","","","","","","","","","","","","",""
"tree removal guilford ct","","Tree Removal","Guilford CT","Transactional","","","","","","","","","","","","","","",""
"randy bruno","","","","Navigational","","","","","Randy Bruno","","","","","","","","",""
"precision tree cutting","Precision Tree Cutting","Tree Cutting","","Navigational","","","","","","","","","","","","","","",""
"tree cutters near me","","Tree Cutting","Near Me","Transactional","","","","","","","","","","","","","","",""
"trees native to ct","","","Connecticut","Informational","","","","","","Trees Native to CT","","","","","","","",""
"tree removal shelton ct","","Tree Removal","Shelton CT","Transactional","","","","","","","","","","","","","","",""
"tree cutters","","Tree Cutting","","Transactional","","","","","","","","","","","","","","",""
"cheap tree service near me","","Tree Service","Near Me","Transactional","Cheap","","","","","","","","","","","","",""
"tree cutting service near me","","Tree Cutting Service","Near Me","Transactional","","","","","","","","","","","","","","",""
"commercial tree removal","","Tree Removal","","Transactional","","Commercial","","","","","","","","","","","","",""
"tree removal service near me","","Tree Removal","Near Me","Transactional","","","","","","","","","","","","","","",""
"wallingford tree removal","","Tree Removal","Wallingford","Transactional","","","","","","","","","","","","","","",""
"precision tree company","Precision Tree Company","","","Navigational","","","","","","","","","","","","","","",""
"tree removal wallingford","","Tree Removal","Wallingford","Transactional","","","","","","","","","","","","","","",""
"tree services near me","","Tree Services","Near Me","Transactional","","","","","","","","","","","","","","",""
"tree service wallingford ct","","Tree Service","Wallingford CT","Transactional","","","","","","","","","","","","","","",""
"tree service southbury ct","","Tree Service","Southbury CT","Transactional","","","","","","","","","","","","","","",""
"tree removal madison ct","","Tree Removal","Madison CT","Transactional","","","","","","","","","","","","","","",""
"tree service new haven","","Tree Service","New Haven","Transactional","","","","","","","","","","","","","","",""
"woodbridge tree removal","","Tree Removal","Woodbridge","Transactional","","","","","","","","","","","","","","",""
"wallingford tree service","","Tree Service","Wallingford","Transactional","","","","","","","","","","","","","","",""
"tree cutting near me","","Tree Cutting","Near Me","Transactional","","","","","","","","","","","","","","",""
"tree removal services near me","","Tree Removal","Near Me","Transactional","","","","","","","","","","","","","","",""
"tree service hamden ct","","Tree Service","Hamden CT","Transactional","","","","","","","","","","","","","","",""
"precision stump grinding","Precision Stump Grinding","Stump Grinding","","Navigational","","","","","","","","","","","","","","",""
"licensed tree removal near me","","Tree Removal","Near Me","Transactional","","","Licensed","","","","","","","","","","",""
"monroe tree service","","Tree Service","Monroe","Transactional","","","","","","","","","","","","","","",""
"tree service oxford","","Tree Service","Oxford","Transactional","","","","","","","","","","","","","","",""
"tree removal bethany ct","","Tree Removal","Bethany CT","Transactional","","","","","","","","","","","","","","",""
"fun facts about emerald ash borers","","","", "Informational","","","","","","Emerald Ash Borers","Fun Facts","","","","","","","",""
"southbury tree service","","Tree Service","Southbury","Transactional","","","","","","","","","","","","","","",""
"tree service guilford ct","","Tree Service","Guilford CT","Transactional","","","","","","","","","","","","","","",""
"precise tree services","Precise Tree Services","","","Navigational","","","","","","","","","","","","","","",""
"stump grinding","","Stump Grinding","","Transactional","","","","","","","","","","","","","","",""
"tree removal - precision cutting services of north haven","Precision Cutting Services of North Haven","Tree Removal","North Haven","Navigational","","","","","","","","","","","","","","",""
"local tree service","","Tree Service","Local","Transactional","","","","","","","","","","","","","","",""
"precision cut landscaping","Precision Cut Landscaping","Landscaping","","Navigational","","","","","","","","","","","","","","",""
"tree services in my area","","Tree Services","In My Area","Transactional","","","","","","","","","","","","","","",""
"brush removal near me","","Brush Removal","Near Me","Transactional","","","","","","","","","","","","","","",""
"tree arborists","","Arborist Services","","Transactional","","","","","","","","","","","","","","",""
"firewood near me","","Firewood","Near Me","Transactional","","","","","","","","","","","","","","","Firewood"
"cheap tree cutting near me","","Tree Cutting","Near Me","Transactional","Cheap","","","","","","","","","","","","",""
"chip away tree service","Chip Away Tree Service","","","Navigational","","","","","","","","","","","","","","",""
"tree service reviews","","Tree Service","","Commercial Investigation","","","","Reviews","","","","","","","","","",""
"hedge trimming services near me","","Hedge Trimming","Near Me","Transactional","","","","","","","","","","","","","","",""
"local tree removal services","","Tree Removal","Local","Transactional","","","","","","","","","","","","","","",""
"arborists near me","","Arborist Services","Near Me","Transactional","","","","","","","","","","","","","","",""
"precision cutting services of new haven new haven, ct","Precision Cutting Services of New Haven","","New Haven, CT","Navigational","","","","","","","","","","","","","","",""
"snow's landscaping","Snow's Landscaping","","","Navigational","","","","","","","","","","","","","","",""
"tree removal quotes","","Tree Removal","","Transactional","","","","Quotes","","","","","","","","","",""
"fast tree service","","Tree Service","","Transactional","","","","","","","Fast","","","","","","",""
"brush clearing services near me","","Brush Clearing","Near Me","Transactional","","","","","","","","","","","","","","",""
"precision cut off service bristol ct","Precision Cut Off Service","","Bristol CT","Navigational","","","","","","","","","","","","","","",""
"durham tree service","","Tree Service","Durham","Transactional","","","","","","","","","","","","","","",""
"commercial tree cutting service","","Tree Cutting Service","","Transactional","","Commercial","","","","","","","","","","","","",""
"tree cutting removal","","Tree Cutting and Removal","","Transactional","","","","","","","","","","","","","","",""
"tree service","","Tree Service","","Transactional","","","","","","","","","","","","","","",""
"tree cutting companies","","Tree Cutting","","Transactional","","","","","","","","","","Companies","","","",""
"cheap tree cutting service near me","","Tree Cutting Service","Near Me","Transactional","Cheap","","","","","","","","","","","","",""
"tree cutting company","","Tree Cutting","","Transactional","","","","","","","","","","Company","","","",""
"tree removal ct","","Tree Removal","Connecticut","Transactional","","","","","","","","","","","","","","",""
"durham stump removal","","Stump Removal","Durham","Transactional","","","","","","","","","","","","","","",""
"free tree cutting service near me","","Tree Cutting Service","Near Me","Transactional","Free","","","","","","","","","","","","",""
"durham tree removal","","Tree Removal","Durham","Transactional","","","","","","","","","","","","","","",""
"tree removal in durham","","Tree Removal","Durham","Transactional","","","","","","","","","","","","","","",""
"tree cutting and removal","","Tree Cutting and Removal","","Transactional","","","","","","","","","","","","","","",""
"precision cuts","Precision Cuts","","","Navigational","","","","","","","","","","","","","","",""
"cheap tree cutting service","","Tree Cutting Service","","Transactional","Cheap","","","","","","","","","","","","",""
"tree service durham","","Tree Service","Durham","Transactional","","","","","","","","","","","","","","",""
"trees native to connecticut","","","Connecticut","Informational","","","","","","Trees Native to Connecticut","","","","","","","",""
"new haven tree care","","Tree Care","New Haven","Transactional","","","","","","","","","","","","","","",""
"new haven commercial landscaping","","Commercial Landscaping","New Haven","Transactional","","","","","","","","","","","","","","",""
"tree removal durham","","Tree Removal","Durham","Transactional","","","","","","","","","","","","","","",""
"new haven snow removal","","Snow Removal","New Haven","Transactional","","","","","","","","","","","","","","",""
"durham tree removal service","","Tree Removal","Durham","Transactional","","","","","","","","","","","","","","",""
"tree cutting services","","Tree Cutting Services","","Transactional","","","","","","","","","","","","","","",""
"tree removal in ct","","Tree Removal","Connecticut","Transactional","","","","","","","","","","","","","","",""
"woodbridge tree care","","Tree Care","Woodbridge","Transactional","","","","","","","","","","","","","","",""
"tree removal connecticut","","Tree Removal","Connecticut","Transactional","","","","","","","","","","","","","","",""
"tree services in ct","","Tree Services","Connecticut","Transactional","","","","","","","","","","","","","","",""
"connecticut trees","","","Connecticut","Informational","","","","","","Trees","","","","","","","",""
"tree cutting company near me","","Tree Cutting","Near Me","Transactional","","","","","","","","","","Company","","","",""
"tree trimming in ct","","Tree Trimming","Connecticut","Transactional","","","","","","","","","","","","","","",""
"tree service near me","","Tree Service","Near Me","Transactional","","","","","","","","","","","","","","",""
"tree services connecticut","","Tree Services","Connecticut","Transactional","","","","","","","","","","","","","","",""
"ct tree service","","Tree Service","Connecticut","Transactional","","","","","","","","","","","","","","",""
"tree cutting and removal services","","Tree Cutting and Removal","","Transactional","","","","","","","","","","","","","","",""
"durham's tree service","Durham's Tree Service","","Durham","Navigational","","","","","","","","","","","","","","",""
"tree trimming","","Tree Trimming","","Transactional","","","","","","","","","","","","","","",""
"cutting services","","Cutting Services","","Transactional","","","","","","","","","","","","","","",""
"corporate campus snow removal services","","Snow Removal","","Transactional","","Corporate Campus","","","","","","","","","","","",""
"tree service ct","","Tree Service","Connecticut","Transactional","","","","","","","","","","","","","","",""
"oxford tree service","","Tree Service","Oxford","Transactional","","","","","","","","","","","","","","",""
"local tree cutting services","","Tree Cutting Services","Local","Transactional","","","","","","","","","","","","","","",""
"connecticut tree service","","Tree Service","Connecticut","Transactional","","","","","","","","","","","","","","",""
"durham tree care","","Tree Care","Durham","Transactional","","","","","","","","","","","","","","",""
"emerald ash borer facts","","","", "Informational","","","","","","Emerald Ash Borer","Facts","","","","","","","",""
"tree removal stratford","","Tree Removal","Stratford","Transactional","","","","","","","","","","","","","","",""
"emergency tree cutting service","","Tree Cutting Service","","Transactional","","","Emergency","","","","","","","","","","",""
"the tree cutting company","The Tree Cutting Company","","","Navigational","","","","","","","","","","Company","","","",""
"tree cutting","","Tree Cutting","","Transactional","","","","","","","","","","","","","","",""
"tree removal meriden ct","","Tree Removal","Meriden CT","Transactional","","","","","","","","","","","","","","",""
"emergency tree removal ct","","Tree Removal","Connecticut","Transactional","","","Emergency","","","","","","","","","","",""
"tree removal in connecticut","","Tree Removal","Connecticut","Transactional","","","","","","","","","","","","","","",""
"best tree cutting service near me","","Tree Cutting Service","Near Me","Transactional","","","","","","","","Best","","","","","",""
"ct tree removal","","Tree Removal","Connecticut","Transactional","","","","","","","","","","","","","","",""
"cheap tree cutting services","","Tree Cutting Services","","Transactional","Cheap","","","","","","","","","","","","",""
"durham tree trimming","","Tree Trimming","Durham","Transactional","","","","","","","","","","","","","","",""
"stump removal durham","","Stump Removal","Durham","Transactional","","","","","","","","","","","","","","",""
"tree removal woodbridge","","Tree Removal","Woodbridge","Transactional","","","","","","","","","","","","","","",""
"tree trimming in shelton ct","","Tree Trimming","Shelton CT","Transactional","","","","","","","","","","","","","","",""
"tree removal company ct","","Tree Removal","Connecticut","Transactional","","","","","","","","","","Company","","","",""
"tree care hamden ct","","Tree Care","Hamden CT","Transactional","","","","","","","","","","","","","","",""
"tree truck services ct","","Tree Truck Services","Connecticut","Transactional","","","","","","","","","","","","","","",""
"tree removal cheshire","","Tree Removal","Cheshire","Transactional","","","","","","","","","","","","","","",""
"tree removal new milford ct","","Tree Removal","New Milford CT","Transactional","","","","","","","","","","","","","","",""
"tree removal in shelton ct","","Tree Removal","Shelton CT","Transactional","","","","","","","","","","","","","","",""
"wallingford tree removal company","","Tree Removal","Wallingford","Transactional","","","","","","","","","","Company","","","",""
"cheshire tree removal","","Tree Removal","Cheshire","Transactional","","","","","","","","","","","","","","",""
"tree care shelton ct","","Tree Care","Shelton CT","Transactional","","","","","","","","","","","","","","",""
"durham tree stump removal","","Stump Removal","Durham","Transactional","","","","","","","","","","","","","","",""
"west haven ct landscaping","","Landscaping","West Haven CT","Transactional","","","","","","","","","","","","","","",""
"cheshire tree removal company","","Tree Removal","Cheshire","Transactional","","","","","","","","","","Company","","","",""
"tree removal companies in ct","","Tree Removal","Connecticut","Transactional","","","","","","","","","","Companies","","","",""
"wallingford stump grinding company","","Stump Grinding","Wallingford","Transactional","","","","","","","","","","Company","","","",""
"hamden ct tree care","","Tree Care","Hamden CT","Transactional","","","","","","","","","","","","","","",""
"shelton ct tree care","","Tree Care","Shelton CT","Transactional","","","","","","","","","","","","","","",""
"seymour ct landscapers","","Landscaping","Seymour CT","Transactional","","","","","","","","","","","","","","",""
"north haven ct landscapers","","Landscaping","North Haven CT","Transactional","","","","","","","","","","","","","","",""
"tree service in durham","","Tree Service","Durham","Transactional","","","","","","","","","","","","","","",""
"snow removal in monroe connecticut","","Snow Removal","Monroe Connecticut","Transactional","","","","","","","","","","","","","","",""
"tree service new milford ct","","Tree Service","New Milford CT","Transactional","","","","","","","","","","","","","","",""
"tree cutting estimates","","Tree Cutting","","Transactional","","","","Estimates","","","","","","","","","",""
"tree care durham","","Tree Care","Durham","Transactional","","","","","","","","","","","","","","",""
"ct tree services","","Tree Services","Connecticut","Transactional","","","","","","","","","","","","","","",""
"ansonia ct landscapers","","Landscaping","Ansonia CT","Transactional","","","","","","","","","","","","","","",""
"tree removal southbury ct","","Tree Removal","Southbury CT","Transactional","","","","","","","","","","","","","","",""
"tree cutting contractors","","Tree Cutting","","Transactional","","","","","","","","","","Contractors","","","",""
"wallingford ct landscapers","","Landscaping","Wallingford CT","Transactional","","","","","","","","","","","","","","",""
"tree service farmington ct","","Tree Service","Farmington CT","Transactional","","","","","","","","","","","","","","",""
"east haven ct landscapers","","Landscaping","East Haven CT","Transactional","","","","","","","","","","","","","","",""
"tree pruning durham","","Tree Pruning","Durham","Transactional","","","","","","","","","","","","","","",""
"landscaping west haven ct","","Landscaping","West Haven CT","Transactional","","","","","","","","","","","","","","",""
"tree service meriden ct","","Tree Service","Meriden CT","Transactional","","","","","","","","","","","","","","",""
"tree service milford ct","","Tree Service","Milford CT","Transactional","","","","","","","","","","","","","","",""
"tree services","","Tree Services","","Transactional","","","","","","","","","","","","","","",""
"new haven landscape maintenance","","Landscape Maintenance","New Haven","Transactional","","","","","","","","","","","","","","",""
"tree services ct","","Tree Services","Connecticut","Transactional","","","","","","","","","","","","","","",""
"tree pruning ct","","Tree Pruning","Connecticut","Transactional","","","","","","","","","","","","","","",""
"precision tree care","Precision Tree Care","","","Navigational","","","","","","","","","","","","","","",""
"emergency tree cutting","","Tree Cutting","","Transactional","","","Emergency","","","","","","","","","","",""
"tree trimming durham","","Tree Trimming","Durham","Transactional","","","","","","","","","","","","","","",""
"tree service in ct","","Tree Service","Connecticut","Transactional","","","","","","","","","","","","","","",""
"tree removal waterbury ct","","Tree Removal","Waterbury CT","Transactional","","","","","","","","","","","","","","",""
"tree services durham","","Tree Services","Durham","Transactional","","","","","","","","","","","","","","",""
"tree trimming southbury ct","","Tree Trimming","Southbury CT","Transactional","","","","","","","","","","","","","","",""
"cutters tree service","Cutters Tree Service","","","Navigational","","","","","","","","","","","","","","",""
"cutter tree service","Cutter Tree Service","","","Navigational","","","","","","","","","","","","","","",""
"tree service monroe","","Tree Service","Monroe","Transactional","","","","","","","","","","","","","","",""
"tree trimming in milford","","Tree Trimming","Milford","Transactional","","","","","","","","","","","","","","",""
"woodbridge tree service","","Tree Service","Woodbridge","Transactional","","","","","","","","","","","","","","",""
"wallingford center ct landscapers","","Landscaping","Wallingford Center CT","Transactional","","","","","","","","","","","","","","",""
"tree pruning service durham","","Tree Pruning","Durham","Transactional","","","","","","","","","","","","","","",""
"tree trimming farmington ct","","Tree Trimming","Farmington CT","Transactional","","","","","","","","","","","","","","",""
"stump grinding colchester ct","","Stump Grinding","Colchester CT","Transactional","","","","","","","","","","","","","","",""
"tree removal colchester ct","","Tree Removal","Colchester CT","Transactional","","","","","","","","","","","","","","",""
"shelton tree service","","Tree Service","Shelton","Transactional","","","","","","","","","","","","","","",""
"tree pruning hamden ct","","Tree Pruning","Hamden CT","Transactional","","","","","","","","","","","","","","",""
"tree removal milford","","Tree Removal","Milford","Transactional","","","","","","","","","","","","","","",""
"what is precision cutting","","","", "Informational","","","","","","Precision Cutting","","","","","","","","",""
"derby connecticut process service","","Process Service","Derby Connecticut","Transactional","","","","","","","","","","","","","","",""
"professional tree service ct","","Tree Service","Connecticut","Transactional","","","","","","","","Professional","","","","","",""
"cheap tree cutting services near me","","Tree Cutting Services","Near Me","Transactional","Cheap","","","","","","","","","","","","",""
"tree lifting companies ct","","Tree Lifting","Connecticut","Transactional","","","","","","","","","","Companies","","","",""
"tree trimming in durham","","Tree Trimming","Durham","Transactional","","","","","","","","","","","","","","",""
"tree facts","","","", "Informational","","","","","","Tree Facts","","","","","","","","",""
"stump grinding hamden ct","","Stump Grinding","Hamden CT","Transactional","","","","","","","","","","","","","","",""
"tree service woodbridge","","Tree Service","Woodbridge","Transactional","","","","","","","","","","","","","","",""
"tree pruning in milford","","Tree Pruning","Milford","Transactional","","","","","","","","","","","","","","",""
"interesting facts about emerald ash borer","","","", "Informational","","","","","","Emerald Ash Borer","Interesting Facts","","","","","","","",""
"snow removal in shelton connecticut","","Snow Removal","Shelton Connecticut","Transactional","","","","","","","","","","","","","","",""
"woodbridge stump removal","","Stump Removal","Woodbridge","Transactional","","","","","","","","","","","","","","",""
"emergency tree services hamden ct","","Tree Services","Hamden CT","Transactional","","","Emergency","","","","","","","","","","",""
"licensed tree removal service near me","","Tree Removal","Near Me","Transactional","","","Licensed","","","","","","","","","","",""
"stump grinding durham","","Stump Grinding","Durham","Transactional","","","","","","","","","","","","","","",""
"tree trimming service durham","","Tree Trimming Service","Durham","Transactional","","","","","","","","","","","","","","",""
"woodbridge tree trimming","","Tree Trimming","Woodbridge","Transactional","","","","","","","","","","","","","","",""
"tree pruning colchester ct","","Tree Pruning","Colchester CT","Transactional","","","","","","","","","","","","","","",""
"slabbing services","","Slabbing Services","","Transactional","","","","","","","","","","","","","","",""
"stump removal company ct","","Stump Removal","Connecticut","Transactional","","","","","","","","","","Company","","","",""
"plowing services ct","","Plowing Services","Connecticut","Transactional","","","","","","","","","","","","","","",""
"arborist services ct","","Arborist Services","Connecticut","Transactional","","","","","","","","","","","","","","",""
"signs of a dying tree","","","", "Informational","","","","","","Signs of a Dying Tree","","","","","","","",""
"website for landscape new haven","","Landscaping","New Haven","Commercial Investigation","","","","Website","","","","","","","","","",""
"milford ct landscapers","","Landscaping","Milford CT","Transactional","","","","","","","","","","","","","","",""
"tree cutting service cost","","Tree Cutting Service","","Transactional","","","","Cost","","","","","","","","","",""
"tree removal service ct","","Tree Removal","Connecticut","Transactional","","","","","","","","","","","","","","",""
"tree service connecticut","","Tree Service","Connecticut","Transactional","","","","","","","","","","","","","","",""
"commercial snow removal","","Snow Removal","","Transactional","","Commercial","","","","","","","","","","","",""
"tree work milford","","Tree Work","Milford","Transactional","","","","","","","","","","","","","","",""
"stump grinding service ct","","Stump Grinding","Connecticut","Transactional","","","","","","","","","","","","","","",""
"tree trimming service","","Tree Trimming Service","","Transactional","","","","","","","","","","","","","","",""
"how to tell if a tree is dying","","","", "Informational","","","","","","Tree Health","","","","","","","",""
"meriden tree service","","Tree Service","Meriden","Transactional","","","","","","","","","","","","","","",""
"connecticut tree removal","","Tree Removal","Connecticut","Transactional","","","","","","","","","","","","","","",""
"tree trimming ct","","Tree Trimming","Connecticut","Transactional","","","","","","","","","","","","","","",""
"tree works near me","","Tree Work","Near Me","Transactional","","","","","","","","","","","","","","",""
"stump removal stratford","","Stump Removal","Stratford","Transactional","","","","","","","","","","","","","","",""
"tree companies in ct","","Tree Services","Connecticut","Transactional","","","","","","","","","","Companies","","","",""
"tree service milford","","Tree Service","Milford","Transactional","","","","","","","","","","","","","","",""
"property maintenance services ct","","Property Maintenance","Connecticut","Transactional","","","","","","","","","","","","","","",""
"tree removal services","","Tree Removal","","Transactional","","","","","","","","","","","","","","",""
"tree trimming services ct","","Tree Trimming Services","Connecticut","Transactional","","","","","","","","","","","","","","",""
"cutting shops","","Cutting Shops","","Transactional","","","","","","","","","","","","","","",""
"signs a tree is dying","","","", "Informational","","","","","","Signs a Tree is Dying","","","","","","","",""
"tree felling milford","","Tree Felling","Milford","Transactional","","","","","","","","","","","","","","",""
"tree services farmington ct","","Tree Services","Farmington CT","Transactional","","","","","","","","","","","","","","",""
"tree cutting estimate","","Tree Cutting","","Transactional","","","","Estimate","","","","","","","","","",""
"cutting service","","Cutting Service","","Transactional","","","","","","","","","","","","","","",""
"signs of dying tree","","","", "Informational","","","","","","Signs of Dying Tree","","","","","","","",""
"tree pruning in ct","","Tree Pruning","Connecticut","Transactional","","","","","","","","","","","","","","",""
"west haven ct lawn service","","Lawn Service","West Haven CT","Transactional","","","","","","","","","","","","","","",""
"trees in ct","","","Connecticut","Informational","","","","","","Trees in CT","","","","","","","",""
"precision cutting solutions","Precision Cutting Solutions","","","Navigational","","","","","","","","","","","","","","",""
"emerald ash borer fun facts","","","", "Informational","","","","","","Emerald Ash Borer","Fun Facts","","","","","","","",""
"free tree cutting","","Tree Cutting","","Transactional","Free","","","","","","","","","","","","",""
"emergency tree services colchester ct","","Tree Services","Colchester CT","Transactional","","","Emergency","","","","","","","","","","",""
"tree removal cheshire ct","","Tree Removal","Cheshire CT","Transactional","","","","","","","","","","","","","","",""
"stump removal newhaven","","Stump Removal","Newhaven","Transactional","","","","","","","","","","","","","","",""
"commercial snow management contractor","","Snow Management","","Transactional","","Commercial","","","","","","","","Contractor","","","",""
"lawn service west haven ct","","Lawn Service","West Haven CT","Transactional","","","","","","","","","","","","","","",""
"tree removal farmington ct","","Tree Removal","Farmington CT","Transactional","","","","","","","","","","","","","","",""
"tree cutting business","","Tree Cutting","","Transactional","","","","","","","","","","Business","","","",""
"tree service in connecticut","","Tree Service","Connecticut","Transactional","","","","","","","","","","","","","","",""
"seymour connecticut process service","","Process Service","Seymour Connecticut","Transactional","","","","","","","","","","","","","","",""
"precision tree services","Precision Tree Services","","","Navigational","","","","","","","","","","","","","","",""
"emergency tree removal","","Tree Removal","","Transactional","","","Emergency","","","","","","","","","","",""
"durham arborist","","Arborist Services","Durham","Transactional","","","","","","","","","","","","","","",""
"arborist services","","Arborist Services","","Transactional","","","","","","","","","","","","","","",""
"tree trimming service near me","","Tree Trimming Service","Near Me","Transactional","","","","","","","","","","","","","","",""
"tree & stump removal in prosper","","Tree and Stump Removal","Prosper","Transactional","","","","","","","","","","","","","","",""
"mulch wallingford ct","","Mulch","Wallingford CT","Transactional","","","","","","","","","","","","","","","Mulch"
"tree removal orange","","Tree Removal","Orange","Transactional","","","","","","","","","","","","","","",""
"residential tree cutting service","","Tree Cutting Service","","Transactional","","Residential","","","","","","","","","","","",""
"free tree removal estimates","","Tree Removal","","Transactional","Free","","","","Estimates","","","","","","","","",""
"lawn care services north branford","","Lawn Care","North Branford","Transactional","","","","","","","","","","","","","","",""
"saw cutting services waterbury ct","","Saw Cutting Services","Waterbury CT","Transactional","","","","","","","","","","","","","","",""
"tree cutting stratford","","Tree Cutting","Stratford","Transactional","","","","","","","","","","","","","","",""
"stump grinding service near me","","Stump Grinding","Near Me","Transactional","","","","","","","","","","","","","","",""
"waxing new haven ct","","Waxing","New Haven CT","Transactional","","","","","","","","","","","","","","",""
"cheap tree removal","","Tree Removal","","Transactional","Cheap","","","","","","","","","","","","",""
"tree stump removal service near me","","Stump Removal","Near Me","Transactional","","","","","","","","","","","","","","",""
"trees of connecticut","","","Connecticut","Informational","","","","","","Trees of Connecticut","","","","","","","",""
"tree pruning services near me","","Tree Pruning Services","Near Me","Transactional","","","","","","","","","","","","","","",""
"orange commercial landscaping","","Commercial Landscaping","Orange","Transactional","","","","","","","","","","","","","","",""
"cutting precision","Cutting Precision","","","Navigational","","","","","","","","","","","","","","",""
"trees in connecticut","","","Connecticut","Informational","","","","","","Trees in Connecticut","","","","","","","",""
"local tree cutting service","","Tree Cutting Service","Local","Transactional","","","","","","","","","","","","","","",""
"types of trees in ct","","","Connecticut","Informational","","","","","","Types of Trees in CT","","","","","","","",""
"stump removal bramford","","Stump Removal","Branford","Transactional","","","","","","","","","","","","","","",""
"tree service orange","","Tree Service","Orange","Transactional","","","","","","","","","","","","","","",""
"free tree removal nh","","Tree Removal","New Hampshire","Transactional","Free","","","","","","","","","","","","",""
"tree pruning company star","","Tree Pruning","","Transactional","","","","","","","","","","Company","Star","","","",""
"best tree cutting service","","Tree Cutting Service","","Transactional","","","","","","","","Best","","","","","",""
"stump grinding newhaven","","Stump Grinding","Newhaven","Transactional","","","","","","","","","","","","","","",""
"dying tree signs","","","", "Informational","","","","","","Signs of a Dying Tree","","","","","","","",""
"stump removal woodbridge","","Stump Removal","Woodbridge","Transactional","","","","","","","","","","","","","","",""
"tree service estimate","","Tree Service","","Transactional","","","","Estimate","","","","","","","","","",""
"tree cutting services in my area","","Tree Cutting Services","In My Area","Transactional","","","","","","","","","","","","","","",""
"common trees in connecticut","","","Connecticut","Informational","","","","","","Common Trees in Connecticut","","","","","","","",""
"emergency tree removal near me","","Tree Removal","Near Me","Transactional","","","Emergency","","","","","","","","","","",""
"tree maintenance company star","","Tree Maintenance","","Transactional","","","","","","","","","","Company","Star","","","",""
"types of trees in connecticut","","","Connecticut","Informational","","","","","","Types of Trees in Connecticut","","","","","","","",""
"state of ct tree removal","","Tree Removal","Connecticut","Transactional","","","","","","","","","","","","","","",""
"ucon tree removal","UCON Tree Removal","","","Navigational","","","","","","","","","","","","","","",""
"lawn care bethany ct","","Lawn Care","Bethany CT","Transactional","","","","","","","","","","","","","","",""
"tree cutter service near me","","Tree Cutting","Near Me","Transactional","","","","","","","","","","","","","","",""
"property maintenance services in ct","","Property Maintenance","Connecticut","Transactional","","","","","","","","","","","","","","",""
"tree stump removal service ct","","Stump Removal","Connecticut","Transactional","","","","","","","","","","","","","","",""
"quality landscaping monroe ct","","Landscaping","Monroe CT","Transactional","","","","","","","","Quality","","","","","",""
"precision cutting services of milford","Precision Cutting Services of Milford","","Milford","Navigational","","","","","","","","","","","","","","",""
"precision snow removal","Precision Snow Removal","Snow Removal","","Navigational","","","","","","","","","","","","","","",""
"pruning services trumbull ct","","Pruning Services","Trumbull CT","Transactional","","","","","","","","","","","","","","",""
"shelton's tree service","Shelton's Tree Service","","","Navigational","","","","","","","","","","","","","","",""
"tree removal service stratford","","Tree Removal","Stratford","Transactional","","","","","","","","","","","","","","",""
"tree removal new haven county","","Tree Removal","New Haven County","Transactional","","","","","","","","","","","","","","",""
"precision cutting services of orange","Precision Cutting Services of Orange","","Orange","Navigational","","","","","","","","","","","","","","",""
"landscaping bethany ct","","Landscaping","Bethany CT","Transactional","","","","","","","","","","","","","","",""
"tree surgeon wallingford","","Tree Surgeon","Wallingford","Transactional","","","","","","","","","","","","","","",""
"meriden ct lawn mowing","","Lawn Mowing","Meriden CT","Transactional","","","","","","","","","","","","","","",""
"stump removal company near me","","Stump Removal","Near Me","Transactional","","","","","","","","","","Company","","","",""
"landscaping new haven ct","","Landscaping","New Haven CT","Transactional","","","","","","","","","","","","","","",""
"tree stump grinding service ct","","Stump Grinding","Connecticut","Transactional","","","","","","","","","","","","","","",""
"interesting facts about the emerald ash borer","","","", "Informational","","","","","","Emerald Ash Borer","Interesting Facts","","","","","","","",""
"commercial landscaping bethany ct","","Commercial Landscaping","Bethany CT","Transactional","","","","","","","","","","","","","","",""
"carpentry service in shelton","","Carpentry Service","Shelton","Transactional","","","","","","","","","","","","","","",""
"tree removal branford ct","","Tree Removal","Branford CT","Transactional","","","","","","","","","","","","","","",""
"snow and ice removal new haven county","","Snow and Ice Removal","New Haven County","Transactional","","","","","","","","","","","","","","",""
"seymour tree service","","Tree Service","Seymour","Transactional","","","","","","","","","","","","","","",""
"tree shredding service near me","","Tree Shredding Service","Near Me","Transactional","","","","","","","","","","","","","","",""
"removals durham","","Removals","Durham","Transactional","","","","","","","","","","","","","","",""
"yard cutting services","","Yard Cutting Services","","Transactional","","","","","","","","","","","","","","",""
"lawn care east haven ct","","Lawn Care","East Haven CT","Transactional","","","","","","","","","","","","","","",""
"precision cut","Precision Cut","","","Navigational","","","","","","","","","","","","","","",""
"stump grinding new haven county","","Stump Grinding","New Haven County","Transactional","","","","","","","","","","","","","","",""
"milford tree service","","Tree Service","Milford","Transactional","","","","","","","","","","","","","","",""
"arborist connecticut","","Arborist Services","Connecticut","Transactional","","","","","","","","","","","","","","",""
"snow and ice removal bethany ct","","Snow and Ice Removal","Bethany CT","Transactional","","","","","","","","","","","","","","",""
"free tree removal ct","","Tree Removal","Connecticut","Transactional","Free","","","","","","","","","","","","",""
"commercial landscaping new haven county","","Commercial Landscaping","New Haven County","Transactional","","","","","","","","","","","","","","",""
"residential landscaping new haven county","","Residential Landscaping","New Haven County","Transactional","","","","","","","","","","","","","","",""
"landscaping new haven county","","Landscaping","New Haven County","Transactional","","","","","","","","","","","","","","",""
"tree topping services","","Tree Topping Services","","Transactional","","","","","","","","","","","","","","",""
"birch trees in ct","","","Connecticut","Informational","","","","","","Birch Trees","","","","","","","",""
"free tree cutting service","","Tree Cutting Service","","Transactional","Free","","","","","","","","","","","","",""
"north branford connecticut process service","","Process Service","North Branford Connecticut","Transactional","","","","","","","","","","","","","","",""
"tree dying signs","","","", "Informational","","","","","","Signs of a Dying Tree","","","","","","","",""
"tree service colchester ct","","Tree Service","Colchester CT","Transactional","","","","","","","","","","","","","","",""
"what is a precision cut","","","", "Informational","","","","","","Precision Cut","","","","","","","","",""
"emergency tree service near me","","Tree Service","Near Me","Transactional","","","Emergency","","","","","","","","","","",""
"landscaping monroe ct","","Landscaping","Monroe CT","Transactional","","","","","","","","","","","","","","",""
"precision tree and landscaping","Precision Tree and Landscaping","","","Navigational","","","","","","","","","","","","","","",""
"signs tree is dying","","","", "Informational","","","","","","Signs a Tree is Dying","","","","","","","",""
"residential landscaping bethany ct","","Residential Landscaping","Bethany CT","Transactional","","","","","","","","","","","","","","",""
"tree cutting companies near me","","Tree Cutting","Near Me","Transactional","","","","","","","","","","Companies","","","",""
"things to do in monroe ct","","","Monroe CT","Informational","","","","","","Activities","","","","","","","",""
"precision trees","Precision Trees","","","Navigational","","","","","","","","","","","","","","",""
"landscapers wallingford ct","","Landscaping","Wallingford CT","Transactional","","","","","","","","","","","","","","",""
"tree shredding","","Tree Shredding","","Transactional","","","","","","","","","","","","","","",""
"tree pruning company near me","","Tree Pruning","","Transactional","","","","","","","","","","Company","Near Me","","","",""
"tree surgeons newhaven","","Tree Surgeons","Newhaven","Transactional","","","","","","","","","","","","","","",""
"tree removal charlton","","Tree Removal","Charlton","Transactional","","","","","","","","","","","","","","",""
"tree service monroe ct","","Tree Service","Monroe CT","Transactional","","","","","","","","","","","","","","",""
"tree cutting service stratford","","Tree Cutting Service","Stratford","Transactional","","","","","","","","","","","","","","",""
"stump grinding bethany ct","","Stump Grinding","Bethany CT","Transactional","","","","","","","","","","","","","","",""
"local tree cutting services near me","","Tree Cutting Services","Near Me","Transactional","","","","","","","","","","","","","","",""
"signs of a dead tree","","","", "Informational","","","","","","Signs of a Dead Tree","","","","","","","",""
"tree trimming safety","","","", "Informational","","","","","","Tree Trimming Safety","","","","","","","",""
"star tree company","Star Tree Company","","","Navigational","","","","","","","","","","","","","","",""
"emerald ash borer interesting facts","","","", "Informational","","","","","","Emerald Ash Borer","Interesting Facts","","","","","","","",""
"tree removal wallingford pa","","Tree Removal","Wallingford PA","Transactional","","","","","","","","","","","","","","",""
"removals wallingford","","Removals","Wallingford","Transactional","","","","","","","","","","","","","","",""
"tree removal specials","","Tree Removal","","Transactional","","","","Specials","","","","","","","","","",""
"tree service bethany","","Tree Service","Bethany","Transactional","","","","","","","","","","","","","","",""
"tree removal companies","","Tree Removal","","Transactional","","","","","","","","","","Companies","","","",""
"tree stump removals near me","","Stump Removal","Near Me","Transactional","","","","","","","","","","","","","","",""
"tree maintenance star","","Tree Maintenance","","Transactional","","","","","","","","","","Star","","","",""
"tree removal services ct","","Tree Removal","Connecticut","Transactional","","","","","","","","","","","","","","",""
"sheltons tree service","Shelton's Tree Service","","","Navigational","","","","","","","","","","","","","","",""
"emergency tree services ct","","Tree Services","Connecticut","Transactional","","","Emergency","","","","","","","","","","",""
"yard cutting service","","Yard Cutting Service","","Transactional","","","","","","","","","","","","","","",""
"tree removal precision cutting services","Precision Cutting Services","Tree Removal","","Navigational","","","","","","","","","","","","","","",""
"stump grinding services","","Stump Grinding Services","","Transactional","","","","","","","","","","","","","","",""
"the giving tree hamden","The Giving Tree","", "Hamden", "Navigational","","","","","","","","","","","","","","",""
"tree service waterbury ct","","Tree Service","Waterbury CT","Transactional","","","","","","","","","","","","","","",""
"tree cutters service","","Tree Cutting","","Transactional","","","","","","","","","","","","","","",""
"landscaping services in wallingford","","Landscaping Services","Wallingford","Transactional","","","","","","","","","","","","","","",""
"tree clippings removal","","Tree Clippings Removal","","Transactional","","","","","","","","","","","","","","",""
"prs tree services","PRS Tree Services","","","Navigational","","","","","","","","","","","","","","",""
"maple trees in ct","","","Connecticut","Informational","","","","","","Maple Trees","","","","","","","",""
"precision cut lawn care","Precision Cut Lawn Care","Lawn Care","","Navigational","","","","","","","","","","","","","","",""
"tree cutting truck","","","","Transactional","","","","","","","","","","","","","","","Tree Cutting Equipment"
"tree removal stonington ct","","Tree Removal","Stonington CT","Transactional","","","","","","","","","","","","","","",""
"remove a tree","","Tree Removal","","Transactional","","","","","","","","","","","","","","",""
"maple trees in connecticut","","","Connecticut","Informational","","","","","","Maple Trees","","","","","","","",""
"derby tree services","","Tree Services","Derby","Transactional","","","","","","","","","","","","","","",""
"tree stump removal near me","","Stump Removal","Near Me","Transactional","","","","","","","","","","","","","","",""
"new haven trees","","","New Haven","Informational","","","","","","Trees","","","","","","","",""
"precision tree felling","Precision Tree Felling","Tree Felling","","Navigational","","","","","","","","","","","","","","",""
"stump removal","","Stump Removal","","Transactional","","","","","","","","","","","","","","",""
"well cutting and removal","","Well Cutting and Removal","","Transactional","","","","","","","","","","","","","","",""
"new haven ct lawn mowing service","","Lawn Mowing Service","New Haven CT","Transactional","","","","","","","","","","","","","","",""
"tree removal company in ct","","Tree Removal","Connecticut","Transactional","","","","","","","","","","Company","","","",""
"precision tree and landscape","Precision Tree and Landscape","","","Navigational","","","","","","","","","","","","","","",""
"corporate campus snow removal company","","Snow Removal","Corporate Campus","Transactional","","","","","","","","","","Company","","","",""
"emerald ash borer ct","","","Connecticut","Informational","","","","","","Emerald Ash Borer","","","","","","","",""
"tree chopping service","","Tree Chopping","","Transactional","","","","","","","","","","","","","","",""
"tree cutting jobs","","","","Informational","","","","","","","","","","","","","Tree Cutting","Job Search",""
"tree removal oakdale ct","","Tree Removal","Oakdale CT","Transactional","","","","","","","","","","","","","","",""
"tree removal derby","","Tree Removal","Derby","Transactional","","","","","","","","","","","","","","",""
"emergency tree services","","Tree Services","","Transactional","","","Emergency","","","","","","","","","","",""
"tree service derby","","Tree Service","Derby","Transactional","","","","","","","","","","","","","","",""
"tree removal company near me","","Tree Removal","Near Me","Transactional","","","","","","","","","","Company","","","",""
"tree removal companies near me","","Tree Removal","Near Me","Transactional","","","","","","","","","","Companies","","","",""
"connecticut tree","","","Connecticut","Informational","","","","","","Trees","","","","","","","",""
"tree removal north stonington ct","","Tree Removal","North Stonington CT","Transactional","","","","","","","","","","","","","","",""
"facts about trees","","","", "Informational","","","","","","Trees","Facts","","","","","","","",""
"precision tree experts","Precision Tree Experts","","","Navigational","","","","","","","","","","","","","","",""
"stump grinder service near me","","Stump Grinding Service","Near Me","Transactional","","","","","","","","","","","","","","",""
"biggest tree in ct","","","Connecticut","Informational","","","","","","Biggest Tree","","","","","","","",""
"cheap tree cutting","","Tree Cutting","","Transactional","Cheap","","","","","","","","","","","","",""
"shelton precision","Shelton Precision","","","Navigational","","","","","","","","","","","","","","",""
"lawn care west haven ct","","Lawn Care","West Haven CT","Transactional","","","","","","","","","","","","","","",""
"tree stump grinding ct","","Stump Grinding","Connecticut","Transactional","","","","","","","","","","","","","","",""
"tree service north haven","","Tree Service","North Haven","Transactional","","","","","","","","","","","","","","",""
"stump removal grinder in prosper","","Stump Grinding","Prosper","Transactional","","","","","","","","","","","","","","",""
"monroe tree cutting","","Tree Cutting","Monroe","Transactional","","","","","","","","","","","","","","",""
"tree service shelton","","Tree Service","Shelton","Transactional","","","","","","","","","","","","","","",""
"bruno tree service","Bruno Tree Service","","","Navigational","","","","","","","","","","","","","","",""
"largest tree in ct","","","Connecticut","Informational","","","","","","Largest Tree","","","","","","","",""
"local tree removal companies","","Tree Removal","Local","Transactional","","","","","","","","","","Companies","","","",""
"town of seymour ct","","","Seymour CT","Informational","","","","","","","","","","","","","","",""
"things to do in guilford ct","","","Guilford CT","Informational","","","","","","Activities","","","","","","","",""
"tree removal old saybrook ct","","Tree Removal","Old Saybrook CT","Transactional","","","","","","","","","","","","","","",""
"it consultants new haven","","IT Consulting","New Haven","Transactional","","","","","","","","","","","","","","",""
"stump grinding ct","","Stump Grinding","Connecticut","Transactional","","","","","","","","","","","","","","",""
"biggest tree in connecticut","","","Connecticut","Informational","","","","","","Biggest Tree","","","","","","","",""
"tree cutting service near me cheap","","Tree Cutting Service","Near Me","Transactional","Cheap","","","","","","","","","","","","",""
"giving tree hamden","The Giving Tree","","Hamden","Navigational","","","","","","","","","","","","","","",""
"native trees connecticut","","","Connecticut","Informational","","","","","","Native Trees","","","","","","","",""
"tree surgeons wallingford","","Tree Surgeons","Wallingford","Transactional","","","","","","","","","","","","","","",""
"removalists guilford","","Removals","Guilford","Transactional","","","","","","","","","","","","","","",""
"commercial tree cutting equipment","","","", "Transactional","","Commercial","","","","","","","","","","","","Tree Cutting Equipment"
"tree cutting prices","","Tree Cutting","","Transactional","","","","Prices","","","","","","","","","",""
"woodbridge commercial landscaping","","Commercial Landscaping","Woodbridge","Transactional","","","","","","","","","","","","","","",""
"wallingford tree services","","Tree Services","Wallingford","Transactional","","","","","","","","","","","","","","",""
"free ash tree removal","","Ash Tree Removal","","Transactional","Free","","","","","","","","","","","","",""
"tree removal company","","Tree Removal","","Transactional","","","","","","","","","","Company","","","",""
"tree service near me free estimate","","Tree Service","Near Me","Transactional","","","","Free Estimate","","","","","","","","","",""
"landscaping tree removal","","Tree Removal","","Transactional","","","","","","","","","","","Landscaping","","",""
"meriden ct lawn care","","Lawn Care","Meriden CT","Transactional","","","","","","","","","","","","","","",""
"commercial tree cutting","","Tree Cutting","","Transactional","","Commercial","","","","","","","","","","","",""
"precision cuts lawn care","Precision Cuts Lawn Care","Lawn Care","","Navigational","","","","","","","","","","","","","","",""
"tree surgeon newhaven","","Tree Surgeon","Newhaven","Transactional","","","","","","","","","","","","","","",""
"tree cutter services near me","","Tree Cutting","Near Me","Transactional","","","","","","","","","","","","","","",""
"tree service guildford","","Tree Service","Guildford","Transactional","","","","","","","","","","","","","","",""
"new haven county cutters","","Tree Cutting","New Haven County","Transactional","","","","","","","","","","","","","","",""
"connecticut property maintenance services","","Property Maintenance Services","Connecticut","Transactional","","","","","","","","","","","","","","",""
"bucket truck tree removal","","Tree Removal","","Transactional","","","","","","","","","","","","","Bucket Truck","",""
"new haven tree service","","Tree Service","New Haven","Transactional","","","","","","","","","","","","","","",""
"tree cutting services around me","","Tree Cutting Services","Around Me","Transactional","","","","","","","","","","","","","","",""
"percision cuts","Precision Cuts","","","Navigational","","","","","","","","","","","","","","",""
"commercial removals wallingford","","Removals","Wallingford","Transactional","","Commercial","","","","","","","","","","","",""
"tree stump removal ct","","Stump Removal","Connecticut","Transactional","","","","","","","","","","","","","","",""
"tree service stratford ct","","Tree Service","Stratford CT","Transactional","","","","","","","","","","","","","","",""
